timestamp,vibration,z_score,predicted_vibration,anomaly_score,status
2026-05-14 04:38:45,0.20898936254000242,-0.7785696413150938,0.22438810285536892,0,✅ System Operating Normally
2026-05-14 05:34:25,0.24237586348805118,1.5822124807305447,1.2000000000000004,3,🚨 CRITICAL ANOMALY DETECTED
2026-05-14 06:06:01,0.2117438934315943,-0.9369242108324011,0.23644145080423193,0,✅ System Operating Normally
2026-05-14 06:06:03,0.21427234657274558,-0.7886687787104214,0.2399812852018437,0,✅ System Operating Normally
2026-05-14 06:06:08,0.21773907595620695,-0.5578229936457872,0.24483470633868964,0,✅ System Operating Normally
2026-05-14 06:13:46,0.22906705426898194,0.321142495864486,0.2606938759765747,0,✅ System Operating Normally
2026-05-14 06:13:48,0.9,1.9986296675335347,1.2000000000000004,3,🚨 CRITICAL ANOMALY DETECTED
2026-05-14 06:13:53,0.9,1.9986296675335347,1.2000000000000004,3,🚨 CRITICAL ANOMALY DETECTED
2026-05-14 06:13:58,0.21909358295821474,-0.4598537422628228,0.2467310161415005,0,✅ System Operating Normally
2026-05-14 06:21:28,0.20555865320133324,-1.2277593355477792,0.22778211448186644,0,✅ System Operating Normally
2026-05-14 06:21:28,0.2127591513859517,-0.8795002390341798,0.2378628119403321,0,✅ System Operating Normally
2026-05-14 06:21:33,0.9,1.9986296675335347,1.2000000000000004,3,🚨 CRITICAL ANOMALY DETECTED
2026-05-14 06:21:38,0.9,1.9986296675335347,1.2000000000000004,3,🚨 CRITICAL ANOMALY DETECTED
2026-05-14 06:21:43,0.24100192787627966,1.0781995443663814,0.27740269902679154,0,✅ System Operating Normally
2026-05-14 06:21:48,0.20269212284953075,-1.3315813879828762,0.22376897198934298,0,✅ System Operating Normally
2026-05-14 06:21:53,0.9,1.9986296675335347,1.2000000000000004,3,🚨 CRITICAL ANOMALY DETECTED
2026-05-14 06:21:58,0.24736087418644145,1.333339773550871,0.28630522386101787,0,✅ System Operating Normally
2026-05-14 06:22:03,0.20364494582210796,-1.2990029131127703,0.22510292415095112,0,✅ System Operating Normally
2026-05-14 06:22:08,0.2151602337995003,-0.7324871646891051,0.24122432731930044,0,✅ System Operating Normally
2026-05-14 06:22:13,0.24990741962445728,1.4115877076007266,0.28987038747424,0,✅ System Operating Normally
2026-05-14 06:22:18,0.9,1.9986296675335347,1.2000000000000004,3,🚨 CRITICAL ANOMALY DETECTED
2026-05-14 06:22:23,0.21512651584689294,-0.73465900203753,0.24117712218565002,0,✅ System Operating Normally
2026-05-14 06:22:28,0.20540442860234437,-1.233801424385417,0.22756620004328187,0,✅ System Operating Normally
2026-05-14 06:22:33,0.21017597894026052,-1.0200735985628504,0.23424637051636468,0,✅ System Operating Normally
2026-05-14 06:22:38,0.9,1.9986296675335347,1.2000000000000004,3,🚨 CRITICAL ANOMALY DETECTED
2026-05-14 06:22:43,0.20862935285006215,-1.0956468110402893,0.23208109399008697,0,✅ System Operating Normally
2026-05-14 06:22:48,0.20300888590231386,-1.3209549542971304,0.22421244026323928,0,✅ System Operating Normally
2026-05-14 06:22:53,0.22495284338442775,-0.003772522534478912,0.2549339807381987,0,✅ System Operating Normally
2026-05-14 06:22:58,0.21994112827997075,-0.39666989586204093,0.24791757959195893,0,✅ System Operating Normally
2026-05-14 06:23:03,0.21198750153152227,-0.9234035493258652,0.23678250214413105,0,✅ System Operating Normally
2026-05-14 06:23:08,0.24103021372310474,1.0795504811049819,0.27744229921234653,0,✅ System Operating Normally
2026-05-14 06:23:13,0.23946279679881055,1.0015078279544385,0.2752479155183347,0,✅ System Operating Normally
2026-05-14 06:23:18,0.23829044186565096,0.9388167977735207,0.2736066186119112,0,✅ System Operating Normally
2026-05-14 06:23:23,0.2302803858181848,0.4133121252186954,0.26239254014545865,0,✅ System Operating Normally
2026-05-14 06:23:28,0.2292362189036364,0.3341344786772139,0.2609307064650909,0,✅ System Operating Normally
2026-05-14 06:23:33,0.24391391605303636,1.206682380254271,0.28147948247425075,0,✅ System Operating Normally
2026-05-14 06:23:38,0.22606199928890483,0.08488338955823134,0.2564867990044667,0,✅ System Operating Normally
2026-05-14 06:23:43,0.20890070001860975,-1.0828413031132655,0.2324609800260536,0,✅ System Operating Normally
2026-05-14 06:23:48,0.23343073110438653,0.6390966200740211,0.26680302354614105,0,✅ System Operating Normally
2026-05-14 06:23:53,0.21775099748821275,-0.556978203538807,0.2448513964834978,0,✅ System Operating Normally
2026-05-14 06:23:58,0.9,1.9986296675335347,1.2000000000000004,3,🚨 CRITICAL ANOMALY DETECTED
2026-05-14 06:24:03,0.2042267188837715,-1.2781868346861514,0.22591740643727998,0,✅ System Operating Normally
2026-05-14 06:24:08,0.2075910997098894,-1.142907311444996,0.230627539593845,0,✅ System Operating Normally
2026-05-14 06:24:13,0.212755865708548,-0.879690646703014,0.23785821199196705,0,✅ System Operating Normally
2026-05-14 06:24:18,0.21111227918425315,-0.9712234397826829,0.2355571908579544,0,✅ System Operating Normally
2026-05-14 06:24:23,0.24128314374500787,1.0915381166219864,0.27779640124301086,0,✅ System Operating Normally
2026-05-14 06:24:28,0.2020943561294717,-1.351095911369552,0.22293209858126026,0,✅ System Operating Normally
2026-05-14 06:24:33,0.24665438948102636,1.309437066353619,0.2853161452734367,0,✅ System Operating Normally
2026-05-14 06:24:38,0.2350103749656787,0.7434455489724675,0.26901452495195005,0,✅ System Operating Normally
2026-05-14 06:24:43,0.2323093875974313,0.5612539089820178,0.26523314263640374,0,✅ System Operating Normally
2026-05-14 06:24:48,0.20141062461570775,-1.3725784546269164,0.2219748744619908,0,✅ System Operating Normally
2026-05-14 06:24:53,0.9,1.9986296675335347,1.2000000000000004,3,🚨 CRITICAL ANOMALY DETECTED
2026-05-14 06:24:58,0.9,1.9986296675335347,1.2000000000000004,3,🚨 CRITICAL ANOMALY DETECTED
2026-05-14 06:25:03,0.2166123348871476,-0.6361630416390257,0.24325726884200663,0,✅ System Operating Normally
2026-05-14 06:25:08,0.2441770005348833,1.2172761712495537,0.28184780074883653,0,✅ System Operating Normally
2026-05-14 06:25:13,0.24329119884706985,1.1809575814931377,0.2806076783858976,0,✅ System Operating Normally
2026-05-14 06:25:18,0.9,1.9986296675335347,1.2000000000000004,3,🚨 CRITICAL ANOMALY DETECTED
2026-05-14 06:25:23,0.22344615783420796,-0.12406796197822761,0.25282462096789104,0,✅ System Operating Normally
2026-05-14 06:25:28,0.2102063342800833,-1.0185269254915184,0.23428886799211654,0,✅ System Operating Normally
2026-05-14 06:25:33,0.2126079422445839,-0.8882322091909232,0.2376511191424173,0,✅ System Operating Normally
2026-05-14 06:25:38,0.22220177686994516,-0.22246863500701017,0.25108248761792296,0,✅ System Operating Normally
2026-05-14 06:25:43,0.24475402971614055,1.2399530879858611,0.28265564160259676,0,✅ System Operating Normally
2026-05-14 06:25:48,0.2372946192103236,0.8826125603579613,0.2722124668944529,0,✅ System Operating Normally
2026-05-14 06:25:53,0.2344871581355031,0.7095961339784587,0.2682820213897042,0,✅ System Operating Normally
2026-05-14 06:25:58,0.23190361995178804,0.5323644903762861,0.2646650679325032,0,✅ System Operating Normally
2026-05-14 06:26:03,0.24487279573106036,1.2445266608982686,0.28282191402348444,0,✅ System Operating Normally
2026-05-14 06:26:08,0.20022941103972475,-1.407679975463133,0.22032117545561453,0,✅ System Operating Normally
2026-05-14 06:26:13,0.23286954945157853,0.6005147556252793,0.26601736923220987,0,✅ System Operating Normally
2026-05-14 06:26:18,0.2435581249092585,1.192097248120311,0.2809813748729618,0,✅ System Operating Normally
2026-05-14 06:26:23,0.20419331493432963,-1.2794015031102066,0.22587064090806147,0,✅ System Operating Normally
2026-05-14 06:26:28,0.2104323094857914,-1.006935205933323,0.23460523328010796,0,✅ System Operating Normally
2026-05-14 06:26:33,0.2102233368741851,-1.0176595253080916,0.23431267162385896,0,✅ System Operating Normally
2026-05-14 06:26:38,0.22113697873269175,-0.3054170355685624,0.2495917702257683,0,✅ System Operating Normally
2026-05-14 06:26:43,0.9,1.9986296675335347,1.2000000000000004,3,🚨 CRITICAL ANOMALY DETECTED
2026-05-14 06:26:48,0.20948700746297588,-1.0545172191149979,0.23328181044816604,0,✅ System Operating Normally
2026-05-14 06:26:53,0.2226370974570847,-0.1881934786240534,0.2516919364399185,0,✅ System Operating Normally
2026-05-14 06:26:58,0.2019010571746567,-1.3572586468102326,0.2226614800445193,0,✅ System Operating Normally
2026-05-14 06:27:03,0.2482092064659568,1.360742279670107,0.28749288905233933,0,✅ System Operating Normally
2026-05-14 06:27:08,0.22848535208652507,0.2761573455141368,0.2598794929211351,0,✅ System Operating Normally
2026-05-14 06:27:13,0.20589686958504855,-1.2143178608435916,0.22825561741906789,0,✅ System Operating Normally
2026-05-14 06:27:18,0.24352325264121089,1.19065158239294,0.2809325536976952,0,✅ System Operating Normally
2026-05-14 06:27:23,0.22674527842152173,0.13928328110854404,0.2574433897901302,0,✅ System Operating Normally
2026-05-14 06:27:28,0.242572143258881,1.1500915063937218,0.27960100056243326,0,✅ System Operating Normally
2026-05-14 06:27:33,0.9,1.9986296675335347,1.2000000000000004,3,🚨 CRITICAL ANOMALY DETECTED
2026-05-14 06:27:38,0.21308819997353065,-0.8602814823607501,0.23832347996294284,0,✅ System Operating Normally
2026-05-14 06:34:30,0.21056046583460136,-1.0003001593030867,0.23478465216844172,0,✅ System Operating Normally
2026-05-14 06:34:33,0.22230250010116706,-0.21455463969478017,0.2512235001416338,0,✅ System Operating Normally
2026-05-14 06:34:38,0.9,1.9986296675335347,1.2000000000000004,3,🚨 CRITICAL ANOMALY DETECTED
2026-05-14 06:34:43,0.21170884115338262,-0.9388562838701043,0.2363923776147355,0,✅ System Operating Normally
2026-05-14 06:34:48,0.2359792779307843,0.8042053844525424,0.2703709891030979,0,✅ System Operating Normally
2026-05-14 06:34:53,0.21507328929339292,-0.738081317945596,0.2411026050107501,0,✅ System Operating Normally
2026-05-14 06:34:58,0.2165755131025621,-0.6386715598940562,0.24320571834358695,0,✅ System Operating Normally
2026-05-14 06:35:03,0.24162311036045866,1.1073907743702562,0.278272354504642,0,✅ System Operating Normally
2026-05-14 06:35:08,0.23860107482187096,0.9557924630698474,0.27404150475061917,0,✅ System Operating Normally
2026-05-14 06:35:13,0.21896468996396756,-0.4693418580382073,0.24655056594955452,0,✅ System Operating Normally
2026-05-14 06:35:18,0.9,1.9986296675335347,1.2000000000000004,3,🚨 CRITICAL ANOMALY DETECTED
2026-05-14 06:35:23,0.9,1.9986296675335347,1.2000000000000004,3,🚨 CRITICAL ANOMALY DETECTED
2026-05-14 06:35:28,0.24038498769343178,1.0482132499445587,0.2765389827708045,0,✅ System Operating Normally
2026-05-14 06:35:33,0.22078774530923018,-0.3322966096076673,0.24910284343292213,0,✅ System Operating Normally
2026-05-14 06:35:38,0.23093245697782638,0.4617732716431923,0.26330543976895676,0,✅ System Operating Normally
2026-05-14 06:35:43,0.23263417934766767,0.5841074951766189,0.2656878510867346,0,✅ System Operating Normally
2026-05-14 13:11:47,0.9,1.9986296675335347,1.2000000000000004,3,🚨 CRITICAL ANOMALY DETECTED
2026-05-14 13:13:17,0.23359046318840812,0.649937138022514,0.2670266484637714,0,✅ System Operating Normally
2026-05-14 13:20:59,0.9,1.9986296675335347,1.2000000000000004,3,🚨 CRITICAL ANOMALY DETECTED
2026-05-14 13:21:01,0.23993056505836527,1.0254827191444118,0.2759027910817113,0,✅ System Operating Normally
2026-05-14 13:21:06,0.21766248578880615,-0.5632426353265937,0.24472748010432852,0,✅ System Operating Normally
2026-05-14 13:21:11,0.24599109934476937,1.2860644229507396,0.284387539082677,0,✅ System Operating Normally
2026-05-14 13:21:16,0.20611242251276005,-1.2056128897866514,0.22855739151786397,0,✅ System Operating Normally
2026-05-14 13:21:21,0.21907461661660638,-0.4612519759253629,0.24670446326324882,0,✅ System Operating Normally
2026-05-14 13:21:26,0.20131707116520875,-1.375450066109574,0.22184389963129225,0,✅ System Operating Normally
2026-05-14 13:21:31,0.9,1.9986296675335347,1.2000000000000004,3,🚨 CRITICAL ANOMALY DETECTED
2026-05-14 13:21:36,0.9,1.9986296675335347,1.2000000000000004,3,🚨 CRITICAL ANOMALY DETECTED
2026-05-14 13:21:41,0.2276157128639721,0.20812096658157114,0.2586619980095608,0,✅ System Operating Normally
2026-05-14 13:21:46,0.23961013322200728,1.0091228382520403,0.27545418651081,0,✅ System Operating Normally
2026-05-14 13:21:51,0.20293949081889648,-1.3233001251755367,0.22411528714645498,0,✅ System Operating Normally
2026-05-14 13:21:56,0.22992296510396393,0.3864164398882575,0.26189215114554926,0,✅ System Operating Normally
2026-05-14 13:22:01,0.9,1.9986296675335347,1.2000000000000004,3,🚨 CRITICAL ANOMALY DETECTED
2026-05-14 13:22:06,0.9,1.9986296675335347,1.2000000000000004,3,🚨 CRITICAL ANOMALY DETECTED
2026-05-14 13:22:11,0.2027408195286008,-1.3299607789607022,0.2238371473400409,0,✅ System Operating Normally
2026-05-14 13:22:16,0.20504322457980223,-1.2477415362639066,0.2270605144117231,0,✅ System Operating Normally
2026-05-14 13:22:21,0.20256160245345234,-1.335901927706532,0.2235862434348331,0,✅ System Operating Normally
2026-05-14 13:22:26,0.23353427801049312,0.6461312556996187,0.26694798921469043,0,✅ System Operating Normally
2026-05-14 13:22:31,0.9,1.9986296675335347,1.2000000000000004,3,🚨 CRITICAL ANOMALY DETECTED
2026-05-14 13:22:36,0.24876633096268,1.3779965489503967,0.28827286334775193,0,✅ System Operating Normally
2026-05-14 13:22:41,0.2398528657203759,1.0215410106983651,0.27579401200852616,0,✅ System Operating Normally
2026-05-14 13:22:46,0.24505498975857692,1.2514813506146996,0.28307698566200756,0,✅ System Operating Normally
2026-05-14 13:22:51,0.21246350826950863,-0.8965142700765697,0.23744891157731204,0,✅ System Operating Normally
2026-05-14 13:22:56,0.9,1.9986296675335347,1.2000000000000004,3,🚨 CRITICAL ANOMALY DETECTED
2026-05-14 13:23:01,0.21948105943502563,-0.43113476586600147,0.24727348320903586,0,✅ System Operating Normally
2026-05-14 13:23:06,0.24120465005540814,1.0878356442503312,0.2776865100775712,0,✅ System Operating Normally
2026-05-14 13:23:11,0.9,1.9986296675335347,1.2000000000000004,3,🚨 CRITICAL ANOMALY DETECTED
2026-05-14 13:23:16,0.22713536740276177,0.17020962392294847,0.2579895143638664,0,✅ System Operating Normally
2026-05-14 13:23:21,0.2157641252251726,-0.6930853218285586,0.2420697753152415,0,✅ System Operating Normally
2026-05-14 13:23:26,0.2375749907031532,0.8987121834359534,0.2726049869844144,0,✅ System Operating Normally
2026-05-14 13:23:31,0.22286006475299877,-0.17057108015945574,0.25200409065419815,0,✅ System Operating Normally
2026-05-14 13:23:36,0.2229780938377503,-0.16122606520770005,0.25216933137285036,0,✅ System Operating Normally
2026-05-14 13:23:41,0.21361006961917797,-0.8291920138840532,0.23905409746684916,0,✅ System Operating Normally
2026-05-14 13:23:46,0.24835114699119365,1.3651929969208334,0.28769160578767106,0,✅ System Operating Normally
2026-05-14 13:23:51,0.21180650765400882,-0.9334645518303197,0.23652911071561225,0,✅ System Operating Normally
2026-05-14 13:23:56,0.22136571057946708,-0.2877188815085505,0.24991199481125378,0,✅ System Operating Normally
2026-05-14 13:24:01,0.9,1.9986296675335347,1.2000000000000004,3,🚨 CRITICAL ANOMALY DETECTED
2026-05-14 13:24:06,0.24277462411268003,1.158911005718387,0.27988447375775194,0,✅ System Operating Normally
2026-05-14 13:24:11,0.9,1.9986296675335347,1.2000000000000004,3,🚨 CRITICAL ANOMALY DETECTED
2026-05-14 13:24:16,0.23553573496803948,0.7767037836294087,0.26975002895525513,0,✅ System Operating Normally
2026-05-14 13:24:21,0.23306254668527376,0.613869740832815,0.26628756535938314,0,✅ System Operating Normally
2026-05-14 13:24:26,0.20577133198076192,-1.2193378096720435,0.22807986477306666,0,✅ System Operating Normally
2026-05-14 13:24:31,0.2239484104264453,-0.08405283951101311,0.2535277745970233,0,✅ System Operating Normally
2026-05-14 13:24:36,0.2256394871594456,0.051142244047631444,0.25589528202322376,0,✅ System Operating Normally
2026-05-14 13:24:41,0.20638693739218134,-1.194368880839587,0.2289417123490538,0,✅ System Operating Normally
2026-05-14 13:24:46,0.24792906355286895,1.3518463723428769,0.2871006889740165,0,✅ System Operating Normally
2026-05-14 13:24:51,0.9,1.9986296675335347,1.2000000000000004,3,🚨 CRITICAL ANOMALY DETECTED
2026-05-14 13:24:56,0.20445726439930306,-1.2697379636035047,0.22624017015902415,0,✅ System Operating Normally
2026-05-14 13:25:01,0.21092611292274963,-0.9811254421085893,0.23529655809184935,0,✅ System Operating Normally
2026-05-14 13:25:06,0.9,1.9986296675335347,1.2000000000000004,3,🚨 CRITICAL ANOMALY DETECTED
2026-05-14 13:25:11,0.24525222715941086,1.2589270786716547,0.28335311802317514,0,✅ System Operating Normally
2026-05-14 13:25:16,0.24787223590253693,1.350023565771158,0.28702113026355147,0,✅ System Operating Normally
2026-05-14 13:25:21,0.2238178680777319,-0.09446500571632904,0.25334501530882464,0,✅ System Operating Normally
2026-05-14 13:25:26,0.22546226499036826,0.0369748788720648,0.25564717098651546,0,✅ System Operating Normally
2026-05-14 13:25:31,0.24080330207623624,1.0686543616421231,0.27712462290673073,0,✅ System Operating Normally
2026-05-14 13:25:36,0.20620712306323324,-1.2017540719509825,0.22868997228852647,0,✅ System Operating Normally
2026-05-14 13:25:41,0.23064612541074475,0.44059332735219364,0.26290457557504254,0,✅ System Operating Normally
2026-05-14 13:25:46,0.20117815237569467,-1.379684574892164,0.22164941332597257,0,✅ System Operating Normally
2026-05-14 13:25:51,0.20059818904631355,-1.3969869419366376,0.22083746466483878,0,✅ System Operating Normally
2026-05-14 13:25:56,0.23319501984440288,0.6229845465722914,0.266473027782164,0,✅ System Operating Normally
2026-05-14 13:26:01,0.2398483687957833,1.0213123856868556,0.27578771631409643,0,✅ System Operating Normally
2026-05-14 13:26:06,0.24249877481793253,1.146870796489233,0.2794982847451054,0,✅ System Operating Normally
2026-05-14 13:26:11,0.20974834970673312,-1.041600543789346,0.23364768958942628,0,✅ System Operating Normally
2026-05-14 13:26:16,0.20951012572533373,-1.0533818963502588,0.2333141760154671,0,✅ System Operating Normally
2026-05-14 14:08:50,0.23981160284706565,1.019441161195696,0.2757362439858919,0,✅ System Operating Normally
2026-05-14 14:08:52,0.22493549696308737,-0.005160225777156839,0.2549096957483222,0,✅ System Operating Normally
2026-05-14 14:20:10,0.248229858367071,1.3613921975978633,0.2875218017138994,0,✅ System Operating Normally
2026-05-14 14:20:15,0.9,1.9986296675335347,1.2000000000000004,3,🚨 CRITICAL ANOMALY DETECTED
2026-05-14 14:20:20,0.24931415172321747,1.39441020090165,0.2890398124125044,0,✅ System Operating Normally
2026-05-14 14:20:25,0.22017372675160748,-0.37910216545885794,0.2482432174522504,0,✅ System Operating Normally
2026-05-14 14:20:30,0.9,1.9986296675335347,1.2000000000000004,3,🚨 CRITICAL ANOMALY DETECTED
2026-05-14 14:20:35,0.22338032730821267,-0.1293027355068072,0.2527324582314976,0,✅ System Operating Normally
2026-05-14 14:20:40,0.2460156112106389,1.2869445887528688,0.2844218556948944,0,✅ System Operating Normally
2026-05-14 14:20:45,0.9,1.9986296675335347,1.2000000000000004,3,🚨 CRITICAL ANOMALY DETECTED
2026-05-14 14:20:50,0.23932497075932777,0.9943313288241594,0.2750549590630588,0,✅ System Operating Normally
2026-05-14 14:20:55,0.2271175471200119,0.16879933402548802,0.25796456596801653,0,✅ System Operating Normally
2026-05-14 14:21:00,0.21125056089014982,-0.9638073134187831,0.2357507852462097,0,✅ System Operating Normally
2026-05-14 14:21:05,0.9,1.9986296675335347,1.2000000000000004,3,🚨 CRITICAL ANOMALY DETECTED
2026-05-14 14:21:10,0.24658735212060867,1.3071163736776383,0.28522229296885204,0,✅ System Operating Normally
2026-05-14 14:21:15,0.21685240224675967,-0.6197265714331244,0.24359336314546354,0,✅ System Operating Normally
2026-05-14 14:21:20,0.22302109189347905,-0.15781899547975045,0.25222952865087056,0,✅ System Operating Normally
2026-05-14 14:21:25,0.2317263079226901,0.519625584975565,0.26441683109176617,0,✅ System Operating Normally
2026-05-14 14:21:30,0.2487582562881187,1.3777505642510446,0.28826155880336607,0,✅ System Operating Normally
2026-05-14 14:21:35,0.22821001069467,0.25470978101957176,0.2594940149725379,0,✅ System Operating Normally
2026-05-14 14:21:40,0.2473603172396553,1.3333213235195165,0.28630444413551726,0,✅ System Operating Normally
2026-05-14 14:21:45,0.20950165033586543,-1.0537982809712085,0.2333023104702115,0,✅ System Operating Normally
2026-05-14 14:21:50,0.2014673936247402,-1.3708280755637392,0.22205435107463614,0,✅ System Operating Normally
2026-05-14 14:21:55,0.24035548713047075,1.046754264788755,0.2764976819826589,0,✅ System Operating Normally
2026-05-14 14:22:00,0.21430282937192902,-0.786774986614908,0.2400239611207007,0,✅ System Operating Normally
2026-05-14 14:22:05,0.20544104827024962,-1.2323716755632772,0.22761746757834941,0,✅ System Operating Normally
2026-05-14 14:22:10,0.9,1.9986296675335347,1.2000000000000004,3,🚨 CRITICAL ANOMALY DETECTED
2026-05-14 14:22:15,0.2184264360257911,-0.508597050959382,0.24579701043610752,0,✅ System Operating Normally
2026-05-14 14:22:20,0.23425766486298039,0.6945235253210751,0.2679607308081724,0,✅ System Operating Normally
2026-05-14 14:22:25,0.9,1.9986296675335347,1.2000000000000004,3,🚨 CRITICAL ANOMALY DETECTED
2026-05-14 14:22:30,0.21197959617905493,-0.9238448650859401,0.23677143465067674,0,✅ System Operating Normally
2026-05-14 14:22:35,0.22472905332046306,-0.021674461466091918,0.2546206746486481,0,✅ System Operating Normally
2026-05-14 14:22:40,0.21590596918787747,-0.6836934051138542,0.24226835686302844,0,✅ System Operating Normally
2026-05-14 14:22:45,0.21509681170875034,-0.7365698163455064,0.24113553639225044,0,✅ System Operating Normally
2026-05-14 14:22:50,0.22517393826931295,0.013914724762439871,0.25524351357703806,0,✅ System Operating Normally
2026-05-14 14:22:55,0.9,1.9986296675335347,1.2000000000000004,3,🚨 CRITICAL ANOMALY DETECTED
2026-05-14 14:23:00,0.22989520576935174,0.3843182128357488,0.2618532880770923,0,✅ System Operating Normally
2026-05-14 14:23:05,0.21038220907958421,-1.0095170240119455,0.23453509271141784,0,✅ System Operating Normally
2026-05-14 14:23:10,0.22540655992134703,0.032520493716893056,0.2555691838898858,0,✅ System Operating Normally
2026-05-14 14:23:15,0.9,1.9986296675335347,1.2000000000000004,3,🚨 CRITICAL ANOMALY DETECTED
2026-05-14 14:23:20,0.2477591581269063,1.3463780117603676,0.2868628213776687,0,✅ System Operating Normally
2026-05-14 14:23:25,0.24272910502329087,1.1569371168588025,0.279820747032607,0,✅ System Operating Normally
2026-05-14 14:23:30,0.24825623078198292,1.3622209739870539,0.28755872309477604,0,✅ System Operating Normally
2026-05-14 14:23:35,0.23438480385807164,0.7028905908189641,0.26813872540130024,0,✅ System Operating Normally
2026-05-14 14:23:40,0.24077202729258132,1.0671420175083226,0.2770808382096138,0,✅ System Operating Normally
2026-05-14 14:23:45,0.2241736983732399,-0.06606805233263377,0.2538431777225358,0,✅ System Operating Normally
2026-05-14 14:23:50,0.23160720636283424,0.5110304300856887,0.2642500889079678,0,✅ System Operating Normally
2026-05-14 14:23:55,0.21798157205893054,-0.5405759005179804,0.24517420088250272,0,✅ System Operating Normally
2026-05-14 14:24:00,0.20989995301501446,-1.0340246020191766,0.2338599342210202,0,✅ System Operating Normally
2026-05-14 14:24:05,0.20386759469124896,-1.2911209277026514,0.22541463256774835,0,✅ System Operating Normally
2026-05-14 14:24:10,0.9,1.9986296675335347,1.2000000000000004,3,🚨 CRITICAL ANOMALY DETECTED
2026-05-14 14:24:15,0.24677931700129652,1.3137372178813338,0.28549104380181495,0,✅ System Operating Normally
2026-05-14 14:24:20,0.9,1.9986296675335347,1.2000000000000004,3,🚨 CRITICAL ANOMALY DETECTED
2026-05-14 14:24:25,0.21538155365827905,-0.7181572979681835,0.24153417512159062,0,✅ System Operating Normally
2026-05-14 14:24:30,0.21322497376720112,-0.8522055290870619,0.23851496327408137,0,✅ System Operating Normally
2026-05-14 14:24:35,0.9,1.9986296675335347,1.2000000000000004,3,🚨 CRITICAL ANOMALY DETECTED
2026-05-14 14:24:40,0.21795028826064858,-0.5428083293533501,0.24513040356490778,0,✅ System Operating Normally
2026-05-14 14:24:45,0.22472502882696757,-0.02199636338183235,0.2546150403577545,0,✅ System Operating Normally
2026-05-14 14:24:50,0.23297650316329999,0.6079267729252801,0.26616710442861985,0,✅ System Operating Normally
2026-05-14 14:24:55,0.200495485569798,-1.3999887226653736,0.2206936797977171,0,✅ System Operating Normally
2026-05-14 14:25:00,0.24720121923038527,1.3280257078231308,0.2860817069225393,0,✅ System Operating Normally
2026-05-14 14:25:05,0.20967877918887076,-1.0450566895197257,0.23355029086441903,0,✅ System Operating Normally
2026-05-14 14:25:10,0.23286881661690506,0.6004638749405001,0.2660163432636669,0,✅ System Operating Normally
2026-05-14 14:25:15,0.21295557115065858,-0.8680636940278523,0.23813779961092185,0,✅ System Operating Normally
2026-05-14 14:25:20,0.2253109286900281,0.024872371614571412,0.25543530016603927,0,✅ System Operating Normally
2026-05-14 14:25:25,0.21100278058274435,-0.9770589761264734,0.2354038928158421,0,✅ System Operating Normally
2026-05-14 14:25:30,0.24014319809340037,1.0361871809333925,0.2762004773307605,0,✅ System Operating Normally
2026-05-14 14:25:35,0.9,1.9986296675335347,1.2000000000000004,3,🚨 CRITICAL ANOMALY DETECTED
2026-05-14 14:25:40,0.22604790069050837,0.08375850763522973,0.25646706096671157,0,✅ System Operating Normally
2026-05-14 14:25:45,0.9,1.9986296675335347,1.2000000000000004,3,🚨 CRITICAL ANOMALY DETECTED
2026-05-14 14:25:50,0.21593478234574254,-0.681779295443631,0.24230869528403948,0,✅ System Operating Normally
2026-05-14 14:25:55,0.2435128271242006,1.1902188196116361,0.2809179579738807,0,✅ System Operating Normally
2026-05-14 14:26:00,0.23068981573164157,0.4438353964050671,0.2629657420242981,0,✅ System Operating Normally
2026-05-14 14:26:05,0.24284741592242232,1.1620569835933903,0.2799863822913911,0,✅ System Operating Normally
2026-05-14 14:26:10,0.2277172887618646,0.21611030139659043,0.2588042042666103,0,✅ System Operating Normally
2026-05-14 14:26:15,0.2206869646905178,-0.34001981321548175,0.2489617505667248,0,✅ System Operating Normally
2026-05-14 14:26:20,0.9,1.9986296675335347,1.2000000000000004,3,🚨 CRITICAL ANOMALY DETECTED
2026-05-14 14:26:25,0.2442853954265373,1.2215942463529967,0.281999553597152,0,✅ System Operating Normally
2026-05-14 14:26:30,0.21653561600959223,-0.641385802537924,0.2431498624134291,0,✅ System Operating Normally
2026-05-14 14:26:35,0.2034340198951011,-1.3063745757003637,0.22480762785314143,0,✅ System Operating Normally
2026-05-14 14:26:40,0.9,1.9986296675335347,1.2000000000000004,3,🚨 CRITICAL ANOMALY DETECTED
2026-05-14 14:26:45,0.24455094857279877,1.2320588004872102,0.2823713280019182,0,✅ System Operating Normally
2026-05-14 14:26:50,0.2222174354432374,-0.2212389989688869,0.2511044096205323,0,✅ System Operating Normally
2026-05-14 14:26:55,0.24202739490235936,1.1258583503676733,0.278838352863303,0,✅ System Operating Normally
2026-05-14 14:27:00,0.24072919075124968,1.06506642476999,0.2770208670517494,0,✅ System Operating Normally
2026-05-14 14:27:05,0.2226874311441306,-0.18421902835190174,0.2517624036017827,0,✅ System Operating Normally
2026-05-14 14:27:10,0.2006932514529182,-1.3941919636843676,0.22097055203408547,0,✅ System Operating Normally
2026-05-14 14:27:15,0.20145036007078473,-1.371353902306837,0.22203050409909844,0,✅ System Operating Normally
2026-05-14 14:27:20,0.24728611001864292,1.330857566549235,0.28620055402610006,0,✅ System Operating Normally
2026-05-14 14:27:25,0.2376621191229533,0.903671323812682,0.27272696677213454,0,✅ System Operating Normally
2026-05-14 14:27:30,0.9,1.9986296675335347,1.2000000000000004,3,🚨 CRITICAL ANOMALY DETECTED
2026-05-14 14:27:35,0.9,1.9986296675335347,1.2000000000000004,3,🚨 CRITICAL ANOMALY DETECTED
2026-05-14 14:27:40,0.20354177328358738,-1.3026202181440112,0.2249584825970222,0,✅ System Operating Normally
2026-05-14 14:27:45,0.22423141923620973,-0.06145742483594772,0.25392398693069346,0,✅ System Operating Normally
2026-05-14 14:27:50,0.9,1.9986296675335347,1.2000000000000004,3,🚨 CRITICAL ANOMALY DETECTED
2026-05-14 14:27:55,0.23359338312697467,0.6501347142424583,0.2670307363777645,0,✅ System Operating Normally
2026-05-14 14:28:00,0.23470652886115811,0.7238758094612103,0.2685891404056213,0,✅ System Operating Normally
2026-05-14 14:28:05,0.22893010360571764,0.310593836459481,0.2605021450480046,0,✅ System Operating Normally
2026-05-14 14:28:10,0.9,1.9986296675335347,1.2000000000000004,3,🚨 CRITICAL ANOMALY DETECTED
2026-05-14 14:28:15,0.22172465886611928,-0.2598070388571238,0.250414522412567,0,✅ System Operating Normally
2026-05-14 14:28:20,0.23734934870791038,0.8857722280202877,0.27228908819107434,0,✅ System Operating Normally
2026-05-14 14:28:25,0.20280070073449433,-1.3279614942080078,0.22392098102829194,0,✅ System Operating Normally
2026-05-14 14:28:30,0.2464829313509866,1.3034831018798214,0.28507610389138116,0,✅ System Operating Normally
2026-05-14 14:28:35,0.24960656960154487,1.4029532919211005,0.2894491974421628,0,✅ System Operating Normally
2026-05-14 14:28:40,0.2140701173702925,-0.8011689862031288,0.23969816431840946,0,✅ System Operating Normally
2026-05-14 14:28:45,0.20903928605126146,-1.076227430097556,0.23265500047176596,0,✅ System Operating Normally
2026-05-14 14:28:50,0.2364201301011624,0.8310114132300034,0.27098818214162707,0,✅ System Operating Normally
2026-05-14 14:28:55,0.2291843872794349,0.33015830659576967,0.26085814219120873,0,✅ System Operating Normally
2026-05-14 14:29:00,0.2061463490451599,-1.204232888248191,0.22860488866322376,0,✅ System Operating Normally
2026-05-14 14:29:05,0.226289671701271,0.10303672627066558,0.2568055403817795,0,✅ System Operating Normally
2026-05-14 14:29:10,0.23953402988251254,1.0051967799483432,0.2753476418355176,0,✅ System Operating Normally
2026-05-14 14:29:15,0.9,1.9986296675335347,1.2000000000000004,3,🚨 CRITICAL ANOMALY DETECTED
2026-05-14 14:29:20,0.2062446857729415,-1.200217637428386,0.22874256008211802,0,✅ System Operating Normally
2026-05-14 14:29:25,0.9,1.9986296675335347,1.2000000000000004,3,🚨 CRITICAL ANOMALY DETECTED
2026-05-14 14:29:30,0.9,1.9986296675335347,1.2000000000000004,3,🚨 CRITICAL ANOMALY DETECTED
2026-05-14 14:29:35,0.9,1.9986296675335347,1.2000000000000004,3,🚨 CRITICAL ANOMALY DETECTED
2026-05-14 14:29:40,0.23304734076152672,0.6128207770848917,0.2662662770661374,0,✅ System Operating Normally
2026-05-14 14:29:45,0.2271688253592427,0.1728567805688182,0.25803635550293974,0,✅ System Operating Normally
2026-05-14 14:29:50,0.24438484683887143,1.2255322221382041,0.2821387855744199,0,✅ System Operating Normally
2026-05-14 14:29:55,0.24454414607348288,1.2317927492059397,0.28236180450287607,0,✅ System Operating Normally
2026-05-14 14:30:00,0.23630903727896618,0.8243063013015611,0.2708326521905525,0,✅ System Operating Normally
2026-05-14 14:30:05,0.23292436903622835,0.6043172394773338,0.26609411665071964,0,✅ System Operating Normally
2026-05-14 14:30:10,0.22734510015805806,0.18678802071884842,0.2582831402212812,0,✅ System Operating Normally
2026-05-14 14:30:15,0.22451632645664682,-0.03868664385988584,0.2543228570393055,0,✅ System Operating Normally
2026-05-14 14:30:20,0.22263225611487186,-0.18857564305443872,0.25168515856082035,0,✅ System Operating Normally
2026-05-14 14:30:25,0.20432640481258732,-1.2745476953093333,0.2260569667376222,0,✅ System Operating Normally
2026-05-14 14:30:30,0.24478623803248117,1.2411965383552046,0.28270073324547357,0,✅ System Operating Normally
2026-05-14 14:30:35,0.20034846586223076,-1.404253703797308,0.22048785220712303,0,✅ System Operating Normally
2026-05-14 14:30:40,0.20467160792166436,-1.26177932969583,0.22654025109033,0,✅ System Operating Normally
2026-05-14 14:30:45,0.23254917161144734,0.5781496844641685,0.2655688402560261,0,✅ System Operating Normally
2026-05-14 14:30:50,0.22446430097136474,-0.04284608686822455,0.2542500213599106,0,✅ System Operating Normally
2026-05-14 14:30:55,0.22382510402936442,-0.09388805384130194,0.25335514564111006,0,✅ System Operating Normally
2026-05-14 14:31:00,0.23692774512087628,0.861219638849067,0.2716988431692267,0,✅ System Operating Normally
2026-05-14 14:31:05,0.22004812862659606,-0.38859995170553546,0.24806738007723433,0,✅ System Operating Normally
2026-05-14 14:31:10,0.22123063955172073,-0.2981786453935738,0.24972289537240897,0,✅ System Operating Normally
2026-05-14 14:31:15,0.24723823610264672,1.3292623095995963,0.2861335305437053,0,✅ System Operating Normally
2026-05-14 14:31:20,0.23808284196236623,0.9273244447237462,0.2733159787473126,0,✅ System Operating Normally
2026-05-14 14:31:25,0.2227784118122059,-0.1770294529206274,0.2518897765370882,0,✅ System Operating Normally
2026-05-14 14:31:30,0.22884830391414618,0.3042804398370782,0.26038762547980454,0,✅ System Operating Normally
2026-05-14 14:31:35,0.214039459675057,-0.8030543364925743,0.23965524354507958,0,✅ System Operating Normally
2026-05-14 14:31:40,0.21589893170175917,-0.6841605951411208,0.24225850438246277,0,✅ System Operating Normally
2026-05-14 14:31:45,0.9,1.9986296675335347,1.2000000000000004,3,🚨 CRITICAL ANOMALY DETECTED
2026-05-14 14:31:50,0.22239055696034168,-0.20762748654144486,0.2513467797444783,0,✅ System Operating Normally
2026-05-14 14:31:55,0.20878749701594776,-1.0882067768994959,0.23230249582232682,0,✅ System Operating Normally
2026-05-14 14:32:00,0.2217862329950762,-0.2550029962618171,0.2505007261931066,0,✅ System Operating Normally
2026-05-14 14:32:05,0.9,1.9986296675335347,1.2000000000000004,3,🚨 CRITICAL ANOMALY DETECTED
2026-05-14 14:32:10,0.24214432192652352,1.1311224434648672,0.2790020506971328,0,✅ System Operating Normally
2026-05-14 14:32:15,0.2222599936549686,-0.21789570916358428,0.25116399111695586,0,✅ System Operating Normally
2026-05-14 14:32:20,0.9,1.9986296675335347,1.2000000000000004,3,🚨 CRITICAL ANOMALY DETECTED
2026-05-14 14:32:25,0.202304376414891,-1.344318867791181,0.22322612698084718,0,✅ System Operating Normally
2026-05-14 14:32:30,0.22212359300261375,-0.22860440800884174,0.2509730302036591,0,✅ System Operating Normally
2026-05-14 14:32:35,0.9,1.9986296675335347,1.2000000000000004,3,🚨 CRITICAL ANOMALY DETECTED
2026-05-14 14:32:40,0.2343349554396684,0.6996150283972096,0.2680689376155358,0,✅ System Operating Normally
2026-05-14 14:32:45,0.9,1.9986296675335347,1.2000000000000004,3,🚨 CRITICAL ANOMALY DETECTED
2026-05-14 14:32:50,0.23124595279246551,0.4847756007668373,0.26374433390945173,0,✅ System Operating Normally
2026-05-14 14:32:55,0.9,1.9986296675335347,1.2000000000000004,3,🚨 CRITICAL ANOMALY DETECTED
2026-05-14 14:33:00,0.24815748287067296,1.3591110028357987,0.28742047601894205,0,✅ System Operating Normally
2026-05-14 14:33:05,0.22989017828717495,0.38393806256425617,0.2618462496020447,0,✅ System Operating Normally
2026-05-14 14:33:10,0.21322183186441904,-0.8523916214713384,0.23851056461018652,0,✅ System Operating Normally
2026-05-14 14:33:15,0.23674049219414528,0.8501583232659677,0.2714366890718033,0,✅ System Operating Normally
2026-05-14 14:33:20,0.23563407458460062,0.7828470816007256,0.26988770441844073,0,✅ System Operating Normally
2026-05-14 14:33:25,0.9,1.9986296675335347,1.2000000000000004,3,🚨 CRITICAL ANOMALY DETECTED
2026-05-14 14:33:30,0.2282596490402014,0.2585831650892192,0.25956350865628197,0,✅ System Operating Normally
2026-05-14 14:33:35,0.20689218591855657,-1.1732051748736356,0.22964906028597903,0,✅ System Operating Normally
2026-05-14 14:33:40,0.9,1.9986296675335347,1.2000000000000004,3,🚨 CRITICAL ANOMALY DETECTED
2026-05-14 14:33:45,0.2470134143667034,1.3217096368372545,0.2858187801133847,0,✅ System Operating Normally
2026-05-14 14:33:50,0.9,1.9986296675335347,1.2000000000000004,3,🚨 CRITICAL ANOMALY DETECTED
2026-05-14 14:33:55,0.9,1.9986296675335347,1.2000000000000004,3,🚨 CRITICAL ANOMALY DETECTED
2026-05-14 14:34:00,0.20944643179177663,-1.056506454744765,0.23322500450848718,0,✅ System Operating Normally
2026-05-14 14:34:05,0.24131567046618183,1.0930677050995128,0.27784193865265433,0,✅ System Operating Normally
2026-05-14 14:34:10,0.2233822350684499,-0.1291510694542408,0.25273512909582974,0,✅ System Operating Normally
2026-05-14 14:34:15,0.22889304630186635,0.307734876648917,0.26045026482261274,0,✅ System Operating Normally
2026-05-14 14:34:20,0.2049669028628911,-1.2506495828984345,0.2269536640080474,0,✅ System Operating Normally
2026-05-14 14:34:25,0.23664857173902756,0.8446932864224,0.2713080004346385,0,✅ System Operating Normally
2026-05-14 14:34:30,0.2480554784958977,1.355879123107571,0.28727766989425674,0,✅ System Operating Normally
2026-05-14 14:34:35,0.20314164127686435,-1.3164414831314186,0.22439829778760997,0,✅ System Operating Normally
2026-05-14 14:34:40,0.9,1.9986296675335347,1.2000000000000004,3,🚨 CRITICAL ANOMALY DETECTED
2026-05-14 14:34:45,0.21516061712291373,-0.732462456865307,0.24122486397207915,0,✅ System Operating Normally
2026-05-14 14:34:50,0.20803005478600875,-1.1232593236824477,0.2312420767004121,0,✅ System Operating Normally
2026-05-14 14:34:55,0.207002045705966,-1.1685219776505398,0.22980286398835229,0,✅ System Operating Normally
2026-05-14 14:35:00,0.22979235765291345,0.3765328544263988,0.2617093007140788,0,✅ System Operating Normally
2026-05-14 14:35:05,0.21608309628341854,-0.6718930219630278,0.24251633479678583,0,✅ System Operating Normally
2026-05-14 14:35:10,0.24049472289147805,1.053620125660706,0.2766926120480692,0,✅ System Operating Normally
2026-05-14 14:35:15,0.23099601831312963,0.4664530190489528,0.26339442563838134,0,✅ System Operating Normally
2026-05-14 14:35:20,0.2393690224720716,0.9966306499947615,0.2751166314609002,0,✅ System Operating Normally
2026-05-14 14:35:25,0.22808863199309481,0.24522614998887973,0.2593240847903326,0,✅ System Operating Normally
2026-05-14 14:35:30,0.9,1.9986296675335347,1.2000000000000004,3,🚨 CRITICAL ANOMALY DETECTED
2026-05-14 14:35:35,0.22148502826871455,-0.278458913808203,0.2500790395762003,0,✅ System Operating Normally
2026-05-14 14:35:40,0.20196965623841842,-1.355079728410077,0.22275751873378566,0,✅ System Operating Normally
2026-05-14 14:35:45,0.23245064228932763,0.5712231401769882,0.26543089920505863,0,✅ System Operating Normally
2026-05-14 14:35:50,0.22572089233472498,0.057647424921429914,0.2560092492686149,0,✅ System Operating Normally
2026-05-14 14:35:55,0.21020499954613653,-1.018594985128543,0.23428699936459105,0,✅ System Operating Normally
2026-05-14 14:36:00,0.24650764159806537,1.3043449176728716,0.28511069823729135,0,✅ System Operating Normally
2026-05-14 14:36:05,0.24277344738748202,1.158860042300571,0.2798828263424748,0,✅ System Operating Normally
2026-05-14 14:36:10,0.20109423393066667,-1.3822255409490323,0.22153192750293318,0,✅ System Operating Normally
2026-05-14 14:36:15,0.9,1.9986296675335347,1.2000000000000004,3,🚨 CRITICAL ANOMALY DETECTED
2026-05-14 14:36:20,0.9,1.9986296675335347,1.2000000000000004,3,🚨 CRITICAL ANOMALY DETECTED
2026-05-14 14:36:25,0.22735973896279021,0.1879437416389684,0.2583036345479062,0,✅ System Operating Normally
2026-05-14 14:36:30,0.9,1.9986296675335347,1.2000000000000004,3,🚨 CRITICAL ANOMALY DETECTED
2026-05-14 14:36:35,0.2416266039289589,1.1075521407865472,0.2782772455005424,0,✅ System Operating Normally
2026-05-14 14:36:40,0.2427710099256195,1.1587544661564049,0.2798794138958671,0,✅ System Operating Normally
2026-05-14 14:36:45,0.2010526230758387,-1.383480743776458,0.22147367230617407,0,✅ System Operating Normally
2026-05-14 14:36:50,0.21432604334953043,-0.7853310998549221,0.24005646068934255,0,✅ System Operating Normally
2026-05-14 14:36:55,0.24718602409339457,1.327517302354506,0.2860604337307523,0,✅ System Operating Normally
2026-05-14 14:37:00,0.2493055600167145,1.3941569181321016,0.2890277840234001,0,✅ System Operating Normally
2026-05-14 14:37:05,0.24477185724703188,1.2406416354881686,0.2826806001458444,0,✅ System Operating Normally
2026-05-14 14:37:10,0.201420059148451,-1.3722879685316247,0.22198808280783128,0,✅ System Operating Normally
2026-05-14 14:37:15,0.21536618717834483,-0.7191563868746419,0.24151266204968264,0,✅ System Operating Normally
2026-05-14 14:37:20,0.22836344000859504,0.26667258825957396,0.2597088160120329,0,✅ System Operating Normally
2026-05-14 14:37:25,0.22820592342827067,0.25439071257995227,0.25948829279957886,0,✅ System Operating Normally
2026-05-14 14:37:30,0.2067136530180896,-1.1807535179701356,0.2293991142253254,0,✅ System Operating Normally
2026-05-14 14:37:35,0.9,1.9986296675335347,1.2000000000000004,3,🚨 CRITICAL ANOMALY DETECTED
2026-05-14 14:37:40,0.9,1.9986296675335347,1.2000000000000004,3,🚨 CRITICAL ANOMALY DETECTED
2026-05-14 14:37:45,0.9,1.9986296675335347,1.2000000000000004,3,🚨 CRITICAL ANOMALY DETECTED
2026-05-14 14:37:50,0.2171856855202018,-0.5966762065494313,0.24405995972828243,0,✅ System Operating Normally
2026-05-14 14:37:55,0.9,1.9986296675335347,1.2000000000000004,3,🚨 CRITICAL ANOMALY DETECTED
2026-05-14 14:38:00,0.21775677600934457,-0.5565686064630044,0.24485948641308233,0,✅ System Operating Normally
2026-05-14 14:38:05,0.20439945657340602,-1.271867256206887,0.22615923920276823,0,✅ System Operating Normally
2026-05-14 14:38:10,0.23519338070038084,0.7551144349933756,0.26927073298053317,0,✅ System Operating Normally
2026-05-14 14:38:15,0.21132231561532136,-0.9599385225344937,0.23585124186144982,0,✅ System Operating Normally
2026-05-14 14:38:20,0.9,1.9986296675335347,1.2000000000000004,3,🚨 CRITICAL ANOMALY DETECTED
2026-05-14 14:38:25,0.9,1.9986296675335347,1.2000000000000004,3,🚨 CRITICAL ANOMALY DETECTED
2026-05-14 14:38:30,0.9,1.9986296675335347,1.2000000000000004,3,🚨 CRITICAL ANOMALY DETECTED
2026-05-14 14:38:35,0.9,1.9986296675335347,1.2000000000000004,3,🚨 CRITICAL ANOMALY DETECTED
2026-05-14 14:38:40,0.9,1.9986296675335347,1.2000000000000004,3,🚨 CRITICAL ANOMALY DETECTED
2026-05-14 14:38:45,0.22066014652135785,-0.34207237143537506,0.24892420512990088,0,✅ System Operating Normally
2026-05-14 14:38:50,0.24081544755354134,1.0692409857773988,0.2771416265749579,0,✅ System Operating Normally
2026-05-14 14:38:55,0.23813145849853223,0.9300263628608941,0.2733840418979451,0,✅ System Operating Normally
2026-05-14 14:39:00,0.9,1.9986296675335347,1.2000000000000004,3,🚨 CRITICAL ANOMALY DETECTED
2026-05-14 14:39:05,0.24841250196297546,1.3671051821516507,0.2877775027481656,0,✅ System Operating Normally
2026-05-14 14:39:10,0.2451020580034618,1.2532660095631087,0.28314288120484643,0,✅ System Operating Normally
2026-05-14 14:39:15,0.20207146763196795,-1.3518293626819702,0.22290005468475507,0,✅ System Operating Normally
2026-05-14 14:39:20,0.20591539903289788,-1.2135738162436143,0.228281558646057,0,✅ System Operating Normally
2026-05-14 14:39:25,0.21772942687627764,-0.558506515047378,0.2448211976267887,0,✅ System Operating Normally
2026-05-14 14:39:30,0.24569191492420417,1.2752180815253267,0.2839686808938857,0,✅ System Operating Normally
2026-05-14 14:39:35,0.21016079241876365,-1.0208464591527642,0.23422510938626892,0,✅ System Operating Normally
2026-05-14 14:39:40,0.2242661716434767,-0.05868099400220268,0.2539726403008672,0,✅ System Operating Normally
2026-05-14 14:39:45,0.20347096891341387,-1.305089896388199,0.22485935647877933,0,✅ System Operating Normally
2026-05-14 14:39:50,0.22434152307967348,-0.05265989047341707,0.2540781323115428,0,✅ System Operating Normally
2026-05-14 14:39:55,0.2374595019924565,0.8921066965592528,0.27244330278943907,0,✅ System Operating Normally
2026-05-14 14:40:00,0.9,1.9986296675335347,1.2000000000000004,3,🚨 CRITICAL ANOMALY DETECTED
2026-05-14 14:40:05,0.2355731926323394,0.7790468410134496,0.26980246968527494,0,✅ System Operating Normally
2026-05-14 14:40:10,0.24956789905261334,1.4018320982354462,0.28939505867365856,0,✅ System Operating Normally
2026-05-14 14:40:15,0.20633886742250984,-1.196350662440269,0.2288744143915137,0,✅ System Operating Normally
2026-05-14 14:40:20,0.24248111742304795,1.1460936849501138,0.279473564392267,0,✅ System Operating Normally
2026-05-14 14:40:25,0.24645876930051722,1.3026391831096613,0.28504227702072393,0,✅ System Operating Normally
2026-05-14 14:40:30,0.24659057744037474,1.307228239100588,0.28522680841652454,0,✅ System Operating Normally
2026-05-14 14:40:35,0.24062371992198597,1.0599354308799158,0.2768732078907803,0,✅ System Operating Normally
2026-05-14 14:40:40,0.9,1.9986296675335347,1.2000000000000004,3,🚨 CRITICAL ANOMALY DETECTED
2026-05-14 14:40:45,0.9,1.9986296675335347,1.2000000000000004,3,🚨 CRITICAL ANOMALY DETECTED
2026-05-14 14:40:50,0.23191396508538342,0.5331056018700809,0.26467955111953667,0,✅ System Operating Normally
2026-05-14 14:40:55,0.9,1.9986296675335347,1.2000000000000004,3,🚨 CRITICAL ANOMALY DETECTED
2026-05-14 14:41:00,0.21346201988332703,-0.8380875265747356,0.23884682783665778,0,✅ System Operating Normally
2026-05-14 14:41:05,0.248544699173487,1.3712014361356928,0.28796257884288184,0,✅ System Operating Normally
2026-05-14 14:41:10,0.24805710719822366,1.3559308815374567,0.28727995007751295,0,✅ System Operating Normally
2026-05-14 14:41:15,0.2055480453404922,-1.2281766607222175,0.22776726347668905,0,✅ System Operating Normally
2026-05-14 14:41:20,0.20779374455500052,-1.13389679097579,0.23091124237700064,0,✅ System Operating Normally
2026-05-14 14:41:25,0.21340421653869718,-0.8415443579119742,0.23876590315417595,0,✅ System Operating Normally
2026-05-14 14:41:30,0.24511055374297178,1.2535876134758799,0.2831547752401605,0,✅ System Operating Normally
2026-05-14 14:41:35,0.22992845994298033,0.3868316179149455,0.2618998439201723,0,✅ System Operating Normally
2026-05-14 14:41:40,0.24390227065723163,1.2062097137470082,0.2814631789201243,0,✅ System Operating Normally
2026-05-14 14:41:45,0.9,1.9986296675335347,1.2000000000000004,3,🚨 CRITICAL ANOMALY DETECTED
2026-05-14 14:41:50,0.2260008578718623,0.08000454192336032,0.25640120102060704,0,✅ System Operating Normally
2026-05-14 14:41:55,0.22390317737910184,-0.08766148342627088,0.2534644483307425,0,✅ System Operating Normally
2026-05-14 14:42:00,0.2244946194821233,-0.040422182907191816,0.2542924672749725,0,✅ System Operating Normally
2026-05-14 14:42:05,0.22586718645866086,0.06933321768336889,0.256214061042125,0,✅ System Operating Normally
2026-05-14 14:42:10,0.9,1.9986296675335347,1.2000000000000004,3,🚨 CRITICAL ANOMALY DETECTED
2026-05-14 14:42:15,0.9,1.9986296675335347,1.2000000000000004,3,🚨 CRITICAL ANOMALY DETECTED
2026-05-14 14:42:20,0.20024559159601985,-1.4072157519903175,0.22034382823442772,0,✅ System Operating Normally
2026-05-14 14:42:25,0.2086183415599308,-1.096162444295638,0.23206567818390308,0,✅ System Operating Normally
2026-05-14 14:42:30,0.9,1.9986296675335347,1.2000000000000004,3,🚨 CRITICAL ANOMALY DETECTED
2026-05-14 14:42:35,0.9,1.9986296675335347,1.2000000000000004,3,🚨 CRITICAL ANOMALY DETECTED
2026-05-14 14:42:40,0.2408757848432389,1.0721495430378878,0.27722609878053445,0,✅ System Operating Normally
2026-05-14 14:42:45,0.23195495615053974,0.5360398211962256,0.26473693861075553,0,✅ System Operating Normally
2026-05-14 14:42:50,0.23413364380966498,0.6863214980019396,0.2677871013335308,0,✅ System Operating Normally
2026-05-14 14:42:55,0.22722145594385243,0.17701899748760594,0.25811003832139334,0,✅ System Operating Normally
2026-05-14 14:43:00,0.23038645166211494,0.42124939095412184,0.2625410323269609,0,✅ System Operating Normally
2026-05-14 14:43:05,0.24515212199356412,1.255158861643754,0.28321297079098967,0,✅ System Operating Normally
2026-05-14 14:43:10,0.2023899820512823,-1.3415320190842976,0.22334597487179522,0,✅ System Operating Normally
2026-05-14 14:43:15,0.20278331801794483,-1.3285425949753913,0.22389664522512262,0,✅ System Operating Normally
2026-05-14 14:43:20,0.2319172259620496,0.5333391577248746,0.2646841163468693,0,✅ System Operating Normally
2026-05-14 14:43:25,0.9,1.9986296675335347,1.2000000000000004,3,🚨 CRITICAL ANOMALY DETECTED
2026-05-14 14:43:30,0.9,1.9986296675335347,1.2000000000000004,3,🚨 CRITICAL ANOMALY DETECTED
2026-05-14 14:43:35,0.222888112967478,-0.16835134383935466,0.25204335815446904,0,✅ System Operating Normally
2026-05-14 14:43:40,0.9,1.9986296675335347,1.2000000000000004,3,🚨 CRITICAL ANOMALY DETECTED
2026-05-14 14:43:45,0.9,1.9986296675335347,1.2000000000000004,3,🚨 CRITICAL ANOMALY DETECTED
2026-05-17 02:47:59,0.2040277194252788,-1.285387817673082,0.22563880719539023,0,✅ System Operating Normally
2026-05-17 02:48:00,0.2232845890455175,-0.1369109516978075,0.25259842466372445,0,✅ System Operating Normally
2026-05-17 02:48:05,0.20505348559254405,-1.2473495747664685,0.22707487982956143,0,✅ System Operating Normally
